"","zone","total_n","pct"
"1","coastal or shallow",47670293,0.865836616526734
"2","deep (benthic)",2032338,0.0369134013411394
"3","deep (midwater)",5354284,0.0972499821321264
